File,Top1,Top3,Top5,Top All,Rank,Validation,#Pockets,#Validated,Contact,Min. Dist. (Ã…),Avg. Volume,Avg. Depth
1a4j.pdb,No,No,No,No,N/A,Mesh_extrusion,22,0,No,N/A,750.23,89.46
1a6w.pdb,No,Yes,Yes,Yes,3,Mesh_extrusion,4,0,No,N/A,397.57,36.86
1acj.pdb,No,Yes,Yes,Yes,2,Mesh_extrusion,10,0,No,N/A,400.5,41.73
1apu.pdb,Yes,Yes,Yes,Yes,1,Mesh_extrusion,6,0,No,N/A,271.58,44.07
1bid.pdb,No,Yes,Yes,Yes,3,Mesh_extrusion,6,0,No,N/A,431.82,37.34
1blh.pdb,No,Yes,Yes,Yes,2,Mesh_extrusion,4,0,No,N/A,355.71,43.72
1byb.pdb,Yes,Yes,Yes,Yes,1,Mesh_extrusion,9,0,No,N/A,464.81,44.72
1cdo.pdb,Yes,Yes,Yes,Yes,1,Mesh_extrusion,12,0,No,N/A,664.66,67.81
1dwd.pdb,Yes,Yes,Yes,Yes,1,Mesh_extrusion,4,0,No,N/A,672.13,42.8
1fbp.pdb,Yes,Yes,Yes,Yes,1,Mesh_extrusion,10,0,No,N/A,794.54,59.89
1gca.pdb,Yes,Yes,Yes,Yes,1,Mesh_extrusion,7,0,No,N/A,427.38,56.25
1hew.pdb,Yes,Yes,Yes,Yes,1,Mesh_extrusion,2,0,No,N/A,289.32,29.61
1hfc.pdb,Yes,Yes,Yes,Yes,1,Mesh_extrusion,3,0,No,N/A,380.91,31.47
1hyt.pdb,No,No,Yes,Yes,4,Mesh_extrusion,6,0,No,N/A,409.61,41.75
1ida.pdb,Yes,Yes,Yes,Yes,1,Mesh_extrusion,5,0,No,N/A,218.28,30.86
1igj.pdb,No,Yes,Yes,Yes,3,Mesh_extrusion,25,0,No,N/A,1136.23,81.5
1imb.pdb,No,Yes,Yes,Yes,3,Mesh_extrusion,8,0,No,N/A,630.94,53.97
1inc.pdb,Yes,Yes,Yes,Yes,1,Mesh_extrusion,5,0,No,N/A,573.74,32.89
1ivd.pdb,Yes,Yes,Yes,Yes,1,Mesh_extrusion,11,0,No,N/A,720.98,60.48
1mrg.pdb,Yes,Yes,Yes,Yes,1,Mesh_extrusion,6,0,No,N/A,349.06,33.82
1mtw.pdb,Yes,Yes,Yes,Yes,1,Mesh_extrusion,3,0,No,N/A,316.62,33.23
1okm.pdb,Yes,Yes,Yes,Yes,1,Mesh_extrusion,5,0,No,N/A,431.25,38.69
1pdz.pdb,No,Yes,Yes,Yes,2,Mesh_extrusion,10,0,No,N/A,410.22,41.07
1phd.pdb,No,No,No,No,N/A,Mesh_extrusion,7,0,No,N/A,463.83,41.98
1pso.pdb,No,No,Yes,Yes,4,Mesh_extrusion,7,0,No,N/A,266.61,36.71
1qpe.pdb,Yes,Yes,Yes,Yes,1,Mesh_extrusion,6,0,No,N/A,637.63,45.95
1rbp.pdb,No,Yes,Yes,Yes,2,Mesh_extrusion,4,0,No,N/A,400.27,32.13
1rne.pdb,Yes,Yes,Yes,Yes,1,Mesh_extrusion,5,0,No,N/A,571.24,46.48
1rob.pdb,No,Yes,Yes,Yes,3,Mesh_extrusion,3,0,No,N/A,192.81,27.96
1snc.pdb,Yes,Yes,Yes,Yes,1,Mesh_extrusion,3,0,No,N/A,290.06,24.53
1srf.pdb,Yes,Yes,Yes,Yes,1,Mesh_extrusion,5,0,No,N/A,280.98,39.53
1stp.pdb,No,Yes,Yes,Yes,2,Mesh_extrusion,2,0,No,N/A,637.74,42.41
1ulb.pdb,No,Yes,Yes,Yes,2,Mesh_extrusion,5,0,No,N/A,636.29,41.73
2ctc.pdb,No,Yes,Yes,Yes,2,Mesh_extrusion,5,0,No,N/A,558.8,41.87
2h4n.pdb,No,No,No,No,N/A,Mesh_extrusion,5,0,No,N/A,349.89,39.12
2ifb.pdb,Yes,Yes,Yes,Yes,1,Mesh_extrusion,3,0,No,N/A,195.48,28.09
2pk4.pdb,No,No,No,No,N/A,Mesh_extrusion,1,0,No,N/A,295.73,30.8
2sim.pdb,No,Yes,Yes,Yes,3,Mesh_extrusion,7,0,No,N/A,280.03,36.79
2tmn.pdb,Yes,Yes,Yes,Yes,1,Mesh_extrusion,5,0,No,N/A,460.06,44.92
2ypi.pdb,No,No,No,No,N/A,Mesh_extrusion,8,0,No,N/A,599.48,58.23
3gch.pdb,Yes,Yes,Yes,Yes,1,Mesh_extrusion,4,0,No,N/A,416.0,36.61
3mth.pdb,Yes,Yes,Yes,Yes,1,Mesh_extrusion,2,0,No,N/A,323.66,30.69
3ptb.pdb,Yes,Yes,Yes,Yes,1,Mesh_extrusion,3,0,No,N/A,391.49,29.28
4dfr.pdb,No,Yes,Yes,Yes,2,Mesh_extrusion,8,0,No,N/A,354.18,48.29
4phv.pdb,Yes,Yes,Yes,Yes,1,Mesh_extrusion,4,0,No,N/A,454.34,40.4
5cna.pdb,Yes,Yes,Yes,Yes,1,Mesh_extrusion,19,0,No,N/A,833.91,55.23
5p2p.pdb,Yes,Yes,Yes,Yes,1,Mesh_extrusion,4,0,No,N/A,436.68,54.8
6rsa.pdb,Yes,Yes,Yes,Yes,1,Mesh_extrusion,2,0,No,N/A,584.06,37.44
7cpa.pdb,Yes,Yes,Yes,Yes,1,Mesh_extrusion,7,0,No,N/A,317.76,41.29
